{
    "circuity_avg": 1.0267881322837478,
    "edge_length_avg": 54.606206202850004,
    "edge_length_total": 130290.40800000011,
    "intersection_count": 990,
    "k_avg": 4.156794425087108,
    ...
}